<HBProfile xsi:noNamespaceSchemaLocation="../../../Schemas/QuestProfileSchema.xsd" xmlns:xsi="http://www.w3.org/2001/XMLSchema-instance">
    <!-- Originally contributed by Kickazz006 -->
    <Name>[H - Quest] Durotar 5-12 [Kick] ($Rev: 3210 $)</Name>

    <MinLevel>5</MinLevel>
    <MaxLevel>1001</MaxLevel>

    <MinDurability>0.3</MinDurability>
    <MinFreeBagSlots>3</MinFreeBagSlots>

    <!-- NB: Honorbuddy sells before mailing -->
    <SellGrey>true</SellGrey>
    <SellWhite>true</SellWhite>
    <SellGreen>true</SellGreen>
    <SellBlue>false</SellBlue>
    <SellPurple>false</SellPurple>

    <MailGrey>false</MailGrey>
    <MailWhite>true</MailWhite>
    <MailGreen>true</MailGreen>
    <MailBlue>true</MailBlue>
    <MailPurple>true</MailPurple>


    <AvoidMobs>
        <!-- Orc Questgiver Bot Wants Dead -->
        <!-- <Mob Name="Rezlak" Id="3293"/> Orc Training Dummy -->
    </AvoidMobs>


    <Blackspots>
        <Blackspot X="845.4785" Y="-4768.02" Z="37.84758" Radius="5" />
        <Blackspot X="1600.477" Y="-4369.628" Z="21.04583" Radius="7.354329" />
        <Blackspot X="1284.119" Y="-4595.935" Z="21.71741" Radius="24.57922" />
        <Blackspot X="380.4524" Y="-4822.192" Z="13.53342" Radius="5.172547" />
        <Blackspot Name="Orgrimmar behind call to arms sign, all horde profiles"
                   X="1602.093" Y="-4364.747" Z="21.11923" Radius="1.703826" />
        <Blackspot Name="Orgrimmar behind mailbox south gate"
                   X="1375.742" Y="-4353.486" Z="27.41977" Radius="3.750432" />

        <Blackspot Name="Durotar: Fallen tree WSW of Sen'Jin Village"
                   X="-875.3654" Y="-4810.698" Z="16.05026" Radius="16.59042" />
        <Blackspot Name="Sen'jin Village E exit: Tree cluster1"
                   X="-802.0122" Y="-4979.135" Z="17.74392" Radius="4.573921" />
        <Blackspot Name="Sen'jin Villag E exit: Tree cluster2"
                   X="-801.71" Y="-5023.281" Z="13.36308" Radius="4.609337" />
        <Blackspot Name="Durotar: Valley of Trials Middle Fire"
                   X="-602.3636" Y="-4250.66" Z="38.95682" Radius="3.759537"/>

        <Blackspot Name="Durotar: Troll Starting Area" X="-1135.981" Y="-5414.498" Z="13.00538" Radius="2.300135" />
        <Blackspot Name="Durotar: Troll Starting Area" X="-1150.384" Y="-5519.188" Z="11.58836" Radius="2.494276" />
        <Blackspot Name="Durotar: Troll Starting Area" X="-1168.537" Y="-5269.622" Z="0.8604383" Radius="3.024951" />
        <Blackspot Name="Durotar: Harpy Nest" X="-2639.21" Y="-1405.313" Z="32.07373" Radius="3.31264"/>
        <Blackspot Name="Durotar: Cold Hearth Manor Sign" X="2188.518" Y="661.0852" Z="33.29134" Radius="4.017753"/>

        <Blackspot Name="Durotar: Brazier in the Gateway" X="1402.118" Y="-4866.199" Z="14.57446" Radius="5" />
        <Blackspot Name="Durotar: Flag2 in Sen'jin Village"
                   X="1163.556" Y="-4273.083" Z="21.43867" Radius="1" />
    </Blackspots>


    <Mailboxes>
        <!--Sen'jin Village Mailbox-->
        <Mailbox X="-816.5651" Y="-4926.866" Z="19.88713"/>
        <!--Razor Hill Mailbox-->
        <Mailbox X="321.0783" Y="-4708.963" Z="14.15302"/>
    </Mailboxes>


    <Vendors>
        <!--Valley of Trials Vendors-->
        <Vendor Name="Zlagk" Id="3882" Type="Food" X="-560.1253" Y="-4217.204" Z="41.59082"/>
        <Vendor Name="Huklah" Id="3160" Type="Repair" X="-590.3455" Y="-4227.319" Z="38.3847"/>

        <!--Sen'jin Village Vendors-->
        <Vendor Name="K'waii" Id="3186" Type="Food" X="-779.0314" Y="-4938.931" Z="22.24688" />
        <Vendor Name="Trayexir" Id="10369" Type="Repair" X="-769.1502" Y="-4948.526" Z="22.84936"/>

        <!--Razor Hill Vendors-->
        <Vendor Name="Innkeeper Grosk" Id="6928" Type="Food" X="340.3629" Y="-4686.287" Z="16.48928"/>
        <Vendor Name="Ghrawt" Id="3165" Type="Repair" X="362.1046" Y="-4763.842" Z="12.46936"/>

        <!-- Orgrimmar Vendor -->
        <Vendor Name="Trak'gen" Id="3313" Type="Food" X="1528.89" Y="-4442.89" Z="24.02194" />
        <Vendor Name="Urtharo" Id="3314" Type="Repair" X="1639.75" Y="-4316.71" Z="21.12019" />

        <!-- Northern Barrens Vendors -->
        <Vendor Name="Martang" Id="43949" Type="Repair" X="296.017" Y="-3650.72" Z="27.32852"/>
        <Vendor Name="Durnok" Id="43951" Type="Repair" X="284.964" Y="-3027.65" Z="97.37257" />
    </Vendors>


    <!-- BEGIN: Quest Overrides -->
    <Quest Id="834" Name="Winds in the Desert">
        <Objective Type="CollectItem" ItemId="4918" CollectCount="5">
            <CollectFrom>
                <Mob Name="Stolen Supply Sack" Id="3290" />
            </CollectFrom>
            <Hotspots>
                <Hotspot X="843.097" Y="-4707.49" Z="10.40453" />
                <Hotspot X="883.5811" Y="-4814.351" Z="15.09196" />
                <Hotspot X="947.9379" Y="-4822.507" Z="16.81509" />
                <Hotspot X="952.6241" Y="-4764.657" Z="23.65701" />
                <Hotspot X="1020.03" Y="-4822.907" Z="15.60011" />
                <Hotspot X="1072.005" Y="-4699.484" Z="13.83637" />
                <Hotspot X="1103.864" Y="-4685.976" Z="18.20791" />
            </Hotspots>
        </Objective>
    </Quest>

    <Quest Id="835" Name="Securing the Lines">
        <Objective Type="KillMob" MobId="41007" KillCount="12">
            <Hotspots>
                <Hotspot X="843.097" Y="-4707.49" Z="10.40453" />
                <Hotspot X="883.5811" Y="-4814.351" Z="15.09196" />
                <Hotspot X="947.9379" Y="-4822.507" Z="16.81509" />
                <Hotspot X="952.6241" Y="-4764.657" Z="23.65701" />
                <Hotspot X="1020.03" Y="-4822.907" Z="15.60011" />
                <Hotspot X="1072.005" Y="-4699.484" Z="13.83637" />
                <Hotspot X="1103.864" Y="-4685.976" Z="18.20791" />
            </Hotspots>
        </Objective>
    </Quest>

    <Quest Id="25232" Name="The Burning Blade">
        <Objective Type="CollectItem" ItemId="52564" CollectCount="6">
            <CollectFrom>
                <Mob Name="Burning Blade Neophyte" Id="3196"/>
                <Mob Name="Burning Blade Cultist" Id="3199"/>
                <Mob Name="Burning Blade Thug" Id="3195"/>
            </CollectFrom>
            <Hotspots>
                <Hotspot X="826.1715" Y="-4752.954" Z="38.05418"/>
                <Hotspot X="868.2561" Y="-4713.745" Z="32.07032"/>
                <Hotspot X="915.6884" Y="-4707.076" Z="23.62165"/>
            </Hotspots>
        </Objective>
    </Quest>

    <Quest Id="25170" Name="Cleaning Up the Coastline">
        <Objective Type="CollectItem" ItemId="4888" CollectCount="5">
            <CollectFrom>
                <Mob Name="Surf Crawler" Id="3106"/>
            </CollectFrom>
            <Hotspots>
                <Hotspot X="-940.4305" Y="-5025.34" Z="0.5951656"/>
                <Hotspot X="-963.2187" Y="-4970.255" Z="3.901804"/>
                <Hotspot X="-983.215" Y="-4921.299" Z="1.55611"/>
                <Hotspot X="-1007.044" Y="-4888.319" Z="1.827502"/>
                <Hotspot X="-1069.113" Y="-4838.082" Z="8.589549"/>
            </Hotspots>
        </Objective>
    </Quest>

    <Quest Id="25173" Name="From Bad to Worse">
        <Objective Type="KillMob" MobId="39269" KillCount="1">
            <Hotspots>
                <Hotspot X="-247.652" Y="-5098.101" Z="41.34685" />
            </Hotspots>
        </Objective>
        <Objective Type="KillMob" MobId="39267" KillCount="6">
            <Hotspots>
                <Hotspot X="-101.632" Y="-4967.81" Z="20.21225" />
                <Hotspot X="-172.7203" Y="-5009.552" Z="21.07496" />
                <Hotspot X="-239.7819" Y="-4987.842" Z="21.2928" />
                <Hotspot X="-242.598" Y="-5031.791" Z="21.45509" />
                <Hotspot X="-288.1207" Y="-5071.251" Z="19.74535" />
                <Hotspot X="-289.5376" Y="-5085.534" Z="20.40385" />
                <Hotspot X="-287.2529" Y="-5107.443" Z="19.92339" />
                <Hotspot X="-300.1008" Y="-5135.337" Z="18.57587" />
                <Hotspot X="-263.7523" Y="-5171.421" Z="14.89293" />
                <Hotspot X="-190.0004" Y="-5205.239" Z="-0.6795582" />
                <Hotspot X="-146.265" Y="-5103.966" Z="20.27381" />
            </Hotspots>
        </Objective>
        <Objective Type="KillMob" MobId="39268" KillCount="6">
            <Hotspots>
                <Hotspot X="-101.632" Y="-4967.81" Z="20.21225" />
                <Hotspot X="-172.7203" Y="-5009.552" Z="21.07496" />
                <Hotspot X="-239.7819" Y="-4987.842" Z="21.2928" />
                <Hotspot X="-242.598" Y="-5031.791" Z="21.45509" />
                <Hotspot X="-288.1207" Y="-5071.251" Z="19.74535" />
                <Hotspot X="-289.5376" Y="-5085.534" Z="20.40385" />
                <Hotspot X="-287.2529" Y="-5107.443" Z="19.92339" />
                <Hotspot X="-300.1008" Y="-5135.337" Z="18.57587" />
                <Hotspot X="-263.7523" Y="-5171.421" Z="14.89293" />
                <Hotspot X="-190.0004" Y="-5205.239" Z="-0.6795582" />
                <Hotspot X="-146.265" Y="-5103.966" Z="20.27381" />
            </Hotspots>
        </Objective>
    </Quest>

    <Quest Id="25176" Name="Exploiting the Situation">
        <Objective Type="CollectItem" ItemId="52558" CollectCount="6">
            <Hotspots>               
                <Hotspot X="-244.2596" Y="-5127.394" Z="42.64091" />
				<Hotspot X="-249.0365" Y="-5128.728" Z="42.91882" />
				<Hotspot X="-255.6827" Y="-5124.469" Z="42.64105" />
				<Hotspot X="-227.133" Y="-5112.669" Z="34.06573" />
				<Hotspot X="-227.8929" Y="-5125.678" Z="34.06573" />
				<Hotspot X="-252.1777" Y="-5111.757" Z="34.06573" />
				<Hotspot X="-240.8935" Y="-5124.359" Z="25.24416" />
				<Hotspot X="-248.5481" Y="-5122.367" Z="25.24359" />
				<Hotspot X="-268.3772" Y="-5131.318" Z="24.34196" />
            </Hotspots>
        </Objective>
    </Quest>

    <Quest Id="25193" Name="Lost But Not Forgotten">
        <Objective Type="CollectItem" ItemId="60615" CollectCount="250">
            <CollectFrom>
            </CollectFrom>
            <Hotspots>
                <Hotspot X="583.7078" Y="-4029.753" Z="16.17263" />
                <Hotspot X="543.3358" Y="-3918.194" Z="16.90298" />
                <Hotspot X="527.2538" Y="-3842.002" Z="19.42868" />
                <Hotspot X="436.1201" Y="-3790.646" Z="16.05134" />
            </Hotspots>
        </Objective>
    </Quest>

    <Quest Id="25190" Name="Raggaran's Rage">
        <Objective Type="KillMob" MobId="3111" KillCount="4">
            <Hotspots>
                <Hotspot X="48.60363" Y="-4309.986" Z="38.77962" />
                <Hotspot X="90.19646" Y="-4452.159" Z="32.57343" />
            </Hotspots>
        </Objective>
        <Objective Type="KillMob" MobId="3112" KillCount="4">
            <Hotspots>
                <Hotspot X="48.60363" Y="-4309.986" Z="38.77962" />
                <Hotspot X="90.19646" Y="-4452.159" Z="32.57343" />
            </Hotspots>
        </Objective>
    </Quest>

    <Quest Id="25192" Name="Raggaran's Fury">
        <Objective Type="KillMob" MobId="3113" KillCount="5">
            <Hotspots>
                <Hotspot X="48.60363" Y="-4309.986" Z="38.77962" />
                <Hotspot X="90.19646" Y="-4452.159" Z="32.57343" />
                <Hotspot X="494.5192" Y="-4279.406" Z="21.80589" />
                <Hotspot X="419.2852" Y="-4188.727" Z="20.43876" />
            </Hotspots>
        </Objective>
        <Objective Type="KillMob" MobId="3114" KillCount="5">
            <Hotspots>
                <Hotspot X="48.60363" Y="-4309.986" Z="38.77962" />
                <Hotspot X="90.19646" Y="-4452.159" Z="32.57343" />
                <Hotspot X="494.5192" Y="-4279.406" Z="21.80589" />
                <Hotspot X="419.2852" Y="-4188.727" Z="20.43876" />
            </Hotspots>
        </Objective>
    </Quest>

    <Quest Id="25195" Name="That's the End of That Raptor">
        <Objective Type="KillMob" MobId="39385" KillCount="1">
            <Hotspots>
                <Hotspot X="693.0333" Y="-3886.897" Z="17.91958" />
                <Hotspot X="728.8959" Y="-3827.205" Z="19.7178" />
                <Hotspot X="797.1446" Y="-3874.434" Z="19.80032" />
                <Hotspot X="755.8289" Y="-3938.603" Z="19.79457" />
            </Hotspots>
        </Objective>
    </Quest>

    <Quest Id="25262" Name="Skull Rock">
        <Objective Type="CollectItem" ItemId="4871" CollectCount="6">
            <CollectFrom>
                <Mob Name="Burning Blade Apprentice" Id="3198" />
                <Mob Name="Burning Blade Fanatic" Id="3197" />
            </CollectFrom>
            <Hotspots>
                <Hotspot X="1426.895" Y="-4711.825" Z="-1.046058" />
                <Hotspot X="1468.773" Y="-4767.716" Z="8.447803" />
                <Hotspot X="1514.656" Y="-4740.498" Z="14.87267" />
            </Hotspots>
        </Objective>
    </Quest>

    <Quest Id="25168" Name="Purge the Valley">
        <Objective Type="KillMob" MobId="39260" KillCount="12">
            <Hotspots>
                <Hotspot X="-979.8417" Y="-4418.34" Z="29.26435" />
                <Hotspot X="-932.9365" Y="-4488.18" Z="29.43037" />
                <Hotspot X="-1055.753" Y="-4597.529" Z="25.82224" />
            </Hotspots>
        </Objective>
    </Quest>
    <!-- END: Quest Overrides -->


    <QuestOrder IgnoreCheckpoints="true" >
        <!-- BEGIN: Checkpoint Block
             This code needs to be replicated after every checkpoint.
             If you modify something in this block, don't forget to update the copy of this
             block after each checkpoint, and the at the start of the <QuestOrder>, also.
        -->
        <CustomBehavior File="Misc\RunLua" Lua="SetCVar('AutoLootDefault', 1)" />
        <CustomBehavior File="UserSettings" AutoEquip="true" />

        <CustomBehavior File="EnablePlugin" Names="Anti Drown" />
        <CustomBehavior File="EnablePlugin" Names="Questhelper - ItemForAura" />
        <CustomBehavior File="EnablePlugin" Names="Refreshment Detection" />

        <CustomBehavior File="Misc\ProfileCompatibilityInfo" AllowBrokenAddOns="true" AllowBrokenPlugIns="true" />

        <LootMobs Value="true" />
        <TargetingDistance Value="null" />    <!-- Use LevelBot default -->
        <UseMount Value="true" />
        <!-- END: Checkpoint Block -->


        <If Condition="Me.HearthstoneAreaId != 5170" >
            <!-- Set Hearth to Org -->
            <MoveTo DestName="Innkeeper Gryshka" X="1573.266" Y="-4439.158" Z="16.05683" />
            <CustomBehavior File="InteractWith" MobId="6929" InteractByGossipOptions="2" />
        </If>
        <PickUp QuestName="Breaking the Chain" QuestId="25167" GiverName="Master Gadrin" GiverId="3188" />
        <PickUp QuestName="Cleaning Up the Coastline" QuestId="25170" GiverName="Bom'bay" GiverId="10578" />
        <Objective QuestName="Cleaning Up the Coastline" QuestId="25170" Type="CollectItem" ItemId="4888"
                   CollectCount="5" />
        <Objective QuestName="Breaking the Chain" QuestId="25167" Type="KillMob" MobId="39251" KillCount="3" />
        <Objective QuestName="Breaking the Chain" QuestId="25167" Type="KillMob" MobId="39245" KillCount="5" />
        <TurnIn QuestName="Cleaning Up the Coastline" QuestId="25170" TurnInName="Bom'bay" TurnInId="10578" />
        <PickUp QuestName="Never Trust a Big Barb and a Smile" QuestId="25165"
                GiverName="Bom'bay" GiverId="10578" />
        <TurnIn QuestName="Breaking the Chain" QuestId="25167" TurnInName="Master Gadrin" TurnInId="3188" />
        <PickUp QuestName="Purge the Valley" QuestId="25168" GiverName="Master Gadrin" GiverId="3188" />
        <PickUp QuestName="The War of Northwatch Aggression" QuestId="25169" GiverName="Lar Prowltusk" GiverId="3140" />
        <CustomBehavior File="CombatUseItemOn" QuestId="25165" MobId="3125" ItemId="52505" 
                        MobHpPercentLeft="100" WaitTime="12000" NumOfTimes="6" MaxRange="15" X="-822.3665" Y="-4723.379" Z="22.64923" />
        <TurnIn QuestName="Never Trust a Big Barb and a Smile" QuestId="25165"
                TurnInName="Bom'bay" TurnInId="10578" />
        <Objective QuestName="The War of Northwatch Aggression" QuestId="25169" Type="UseObject"
                   ObjectId="3189" UseCount="1" />
        <Objective QuestName="The War of Northwatch Aggression" QuestId="25169" Type="UseObject"
                   ObjectId="3190" UseCount="1" />
        <Objective QuestName="The War of Northwatch Aggression" QuestId="25169" Type="UseObject"
                   ObjectId="3192" UseCount="1" />
        <Objective QuestName="Purge the Valley" QuestId="25168" Type="KillMob" MobId="39260" KillCount="12" />
        <TurnIn QuestName="The War of Northwatch Aggression" QuestId="25169" TurnInName="Lar Prowltusk"
                TurnInId="3140" />
        <TurnIn QuestName="Purge the Valley" QuestId="25168" TurnInName="Master Gadrin" TurnInId="3188" />
        <PickUp QuestName="Riding On" QuestId="25171" GiverName="Master Gadrin" GiverId="3188" />
        <If Condition="IsQuestCompleted(25171) &amp;&amp; HasQuest(25171)">
            <CustomBehavior File="InteractWith" MobId="10676" InteractByGossipOptions="1"
                            X="-822.191" Y="-4887.371" Z="19.44942" />
            <CustomBehavior File="WaitTimer" WaitTime="70000" />
        </If>
        <TurnIn QuestName="Riding On" QuestId="25171" TurnInName="Gar'Thok" TurnInId="3139" />
        <PickUp QuestName="From Bad to Worse" QuestId="25173" GiverName="Gar'Thok" GiverId="3139" />
        <If Condition="Me.Race == WoWRace.Orc || Me.Race == WoWRace.Troll">
            <PickUp QuestName="Meats to Orgrimmar" QuestId="6365" GiverName="Grimtak" GiverId="3881"
                    X="298.4236" Y="-4645.047" Z="17.74927" />
        </If>
        <PickUp QuestName="Exploiting the Situation" QuestId="25176" GiverName="Gail Nozzywig" GiverId="39423" />
        <If Condition="HasQuest(6365)" >
            <TurnIn QuestName="Meats to Orgrimmar" QuestId="6365" TurnInName="Burok" TurnInId="41140" />
        </If>
        <Objective QuestName="From Bad to Worse" QuestId="25173" Type="KillMob" MobId="39269" KillCount="1" />
        <Objective QuestName="Exploiting the Situation" QuestId="25176" Type="CollectItem" ItemId="52558"
                   CollectCount="6" />
        <Objective QuestName="From Bad to Worse" QuestId="25173" Type="KillMob" MobId="39267" KillCount="6" />
        <Objective QuestName="From Bad to Worse" QuestId="25173" Type="KillMob" MobId="39268" KillCount="6" />
        <TurnIn QuestName="From Bad to Worse" QuestId="25173" TurnInName="Gar'Thok" TurnInId="3139" />
        <PickUp QuestName="Storming the Beaches" QuestId="25177" GiverName="Gar'Thok" GiverId="3139" />
        <TurnIn QuestName="Exploiting the Situation" QuestId="25176" TurnInName="Gail Nozzywig" TurnInId="39423" />
        <PickUp QuestName="Shipwreck Searching" QuestId="25178" GiverName="Gail Nozzywig" GiverId="39423" />
        <!-- CJ: The quest "Loss Reduction" (http://wowhead.com/quest=25179) is unusual...
             We can't pick it up with a normal PickUp.  Instead, we have to first interact with
             the Injured Razor Hill Grunt.  The first grunt with which we interact will give us the
             quest.  We then must interact with four more grunts to complete the quest.
             We can do all this with a single InteractWith, but we can't QuestId-qualify this
             InteractWith as we'd normally do, because we don't have the quest before the first
             interaction.
             On another note, the Grunts with which we must interact have no truly distinguishing
             aura (they all have the "Low Health" aura).  Thus, we just have to keep trying until we
             get four that will complete the quest.  This may cause InteractWith to issues a "max retries"
             warning on occasion.
        -->
        <If Condition="!IsQuestCompleted(25179)">
            <CustomBehavior File="InteractWith" NumOfTimes="100" MobId="39270"
                            InteractByQuestFrameDisposition="Accept" CollectionDistance="1000"
                            TerminateWhen="IsQuestCompleted(25179)"
                            X="341.2028" Y="-5023.007" Z="15.37304" />
        </If>
        <Objective QuestName="Shipwreck Searching" QuestId="25178" Type="CollectItem" ItemId="4863" CollectCount="4" />
        <Objective QuestName="Storming the Beaches" QuestId="25177" Type="KillMob" MobId="39272" KillCount="11" />
        <TurnIn QuestName="Shipwreck Searching" QuestId="25178" TurnInName="Gail Nozzywig" TurnInId="39423" />
        <PickUp QuestName="Thonk" QuestId="25227" GiverName="Gail Nozzywig" GiverId="39423" />
        <TurnIn QuestName="Storming the Beaches" QuestId="25177" TurnInName="Gar'Thok" TurnInId="3139" />
        <TurnIn QuestName="Loss Reduction" QuestId="25179" TurnInName="Gar'Thok" TurnInId="3139" />
        <If Condition="( Me.Race == WoWRace.Orc ) || ( Me.Race == WoWRace.Troll )">
            <PickUp QuestName="Ride to Orgrimmar" QuestId="6384" GiverName="Burok" GiverId="41140" />
            <TurnIn QuestName="Ride to Orgrimmar" QuestId="6384" TurnInName="Innkeeper Gryshka" TurnInId="6929" />
            <PickUp QuestName="Doras the Wind Rider Master" QuestId="6385"
                    GiverName="Innkeeper Gryshka" GiverId="6929" />
            <TurnIn QuestName="Doras the Wind Rider Master" QuestId="6385" TurnInName="Doras" TurnInId="3310" />
            <PickUp QuestName="Return to Razor Hill" QuestId="6386" GiverName="Doras" GiverId="3310" />
            <TurnIn QuestName="Return to Razor Hill" QuestId="6386" TurnInName="Grimtak" TurnInId="3881"
                    X="298.4236" Y="-4645.047" Z="17.74927" />
        </If>
        <TurnIn QuestName="Thonk" QuestId="25227" TurnInName="Thonk" TurnInId="39323" />
        <PickUp QuestName="Lost in the Floods" QuestId="25187" GiverName="Thonk" GiverId="39323" />
        <While Condition="HasQuest(25187) &amp;&amp; !IsQuestCompleted(25187)">
            <MoveTo X="394.2006" Y="-4582.459" Z="76.60069" />
            <CustomBehavior File="Misc\RunLua" Lua="UseItemByName(52514)" />
            <CustomBehavior File="WaitTimer" WaitTime="30000" />
        </While>
        <TurnIn QuestName="Lost in the Floods" QuestId="25187" TurnInName="Thonk" TurnInId="39323" />
        <PickUp QuestName="Watershed Patrol" QuestId="25188" GiverName="Thonk" GiverId="39323" />
        <PickUp QuestName="Lost But Not Forgotten" QuestId="25193" GiverName="Misha Tor'kren" GiverId="3193" />
        <Objective QuestName="Lost But Not Forgotten" QuestId="25193" Type="CollectItem" ItemId="60615"
                   CollectCount="250" />
        <TurnIn QuestName="Lost But Not Forgotten" QuestId="25193" TurnInName="Misha Tor'kren" TurnInId="3193" />
        <!-- "Spirits Be Praised" Pickup & Objective -->
        <While Condition="!IsQuestCompleted(25189)">
            <If Condition="HasQuest(25189)">
                <CustomBehavior File="AbandonQuest" QuestId="25189" Type="All" />
            </If>
            <!-- Not this NPC won't have quest if someone else started the escort event -->
            <PickUp QuestName="Spirits Be Praised" QuestId="25189" GiverName="Grandmatron Tekla"
                    GiverId="39325" X="562.0121" Y="-4103.38" Z="16.7572" />
            <CustomBehavior File="EscortGroup" QuestId="25189" EscortNpcId="39325"
                            EscortCountMax="1" EscortCompleteWhen="QuestCompleteOrFails" />
        </While>
        <TurnIn QuestName="Spirits Be Praised" QuestId="25189" TurnInName="Raggaran" TurnInId="39326" />
        <PickUp QuestName="Raggaran's Rage" QuestId="25190" GiverName="Raggaran" GiverId="39326" />
        <Objective QuestName="Raggaran's Rage" QuestId="25190" Type="KillMob" MobId="3111" KillCount="4" />
        <Objective QuestName="Raggaran's Rage" QuestId="25190" Type="KillMob" MobId="3112" KillCount="4" />
        <TurnIn QuestName="Raggaran's Rage" QuestId="25190" TurnInName="Raggaran" TurnInId="39326" />
        <PickUp QuestName="Raggaran's Fury" QuestId="25192" GiverName="Raggaran" GiverId="39326" />
        <Objective QuestName="Raggaran's Fury" QuestId="25192" Type="KillMob" MobId="3113" KillCount="5" />
        <Objective QuestName="Raggaran's Fury" QuestId="25192" Type="KillMob" MobId="3114" KillCount="5" />
        <TurnIn QuestName="Raggaran's Fury" QuestId="25192" TurnInName="Raggaran" TurnInId="39326" />
        <PickUp QuestName="Unbidden Visitors" QuestId="25194" GiverName="Zen'Taji" GiverId="39324" />
        <!-- interactwith isn't right clicking this mob for some reason -->
        <!-- <While Condition="( HasQuest(25194) &amp;&amp; !IsQuestCompleted(25194) )" > -->
        <!--     <CustomBehavior File="InteractWith" QuestId="25194" MobId="39337" NumOfTimes="100" -->
        <!--                     WaitForNpcs="false" CollectionDistance="1000" Range="3" MobState="Alive" -->
        <!--                     WaitTime="10000" X="287.1787" Y="-3812.052" Z="18.4396" /> -->
        <!--     <CustomBehavior File="InteractWith" QuestId="25194" MobId="39337" NumOfTimes="100" -->
        <!--                     WaitForNpcs="false" CollectionDistance="1000" Range="3" MobState="Alive" -->
        <!--                     WaitTime="10000" X="441.242" Y="-3881.277" Z="17.20918" /> -->
        <!--     <CustomBehavior File="KillUntilComplete" QuestId="25194" MobId="39337" -->
        <!--                     X="287.1787" Y="-3812.052" Z="18.4396" /> -->
        <!-- </While> -->
        <If Condition="( HasQuest(25194) &amp;&amp; !IsQuestCompleted(25194) )" >
            <SetGrindArea>
                <GrindArea>
                    <Factions>190</Factions>
                    <Hotspots>
                        <Hotspot X="278.5434" Y="-3801.08" Z="19.88509" />
                        <Hotspot X="410.7498" Y="-3829.14" Z="21.23164" />
                        <Hotspot X="514.1813" Y="-3813.404" Z="18.90358" />
                        <Hotspot X="571.5527" Y="-3807.337" Z="20.74952" />
                        <Hotspot X="664.3518" Y="-3810.85" Z="20.16442" />
                        <Hotspot X="745.4044" Y="-3814.902" Z="19.52565" />
                    </Hotspots>
                </GrindArea>
            </SetGrindArea>
            <GrindTo Condition="( HasQuest(25194) &amp;&amp; IsQuestCompleted(25194) )"
                     GoalText="Grinding to complete &quot;Unbidden Visitors&quot;" />
        </If>
        <TurnIn QuestName="Unbidden Visitors" QuestId="25194" TurnInName="Zen'Taji" TurnInId="39324" />
        <PickUp QuestName="That's the End of That Raptor" QuestId="25195" GiverName="Zen'Taji" GiverId="39324" />
        <Objective QuestName="That's the End of That Raptor" QuestId="25195" Type="KillMob" MobId="39385"
                   KillCount="1" />
        <TurnIn QuestName="That's the End of That Raptor" QuestId="25195" TurnInName="Zen'Taji" TurnInId="39324" />
        <TurnIn QuestName="Watershed Patrol" QuestId="25188" TurnInName="Thonk" TurnInId="39323" />
        <PickUp QuestName="The Burning Blade" QuestId="25232" GiverName="Orgnil Soulscar" GiverId="3142" />
        <Objective QuestName="The Burning Blade" QuestId="25232" Type="CollectItem" ItemId="52564" CollectCount="6" />
        <TurnIn QuestName="The Burning Blade" QuestId="25232" TurnInName="Orgnil Soulscar" TurnInId="3142" />
        <PickUp QuestName="The Dranoshar Blockade" QuestId="25196" GiverName="Orgnil Soulscar" GiverId="3142" />
        <PickUp QuestName="Winds in the Desert" QuestId="834" GiverName="Rezlak" GiverId="3293" />
        <PickUp QuestName="Securing the Lines" QuestId="835" GiverName="Rezlak" GiverId="3293" />
        <Objective QuestName="Winds in the Desert" QuestId="834" Type="CollectItem" ItemId="4918" CollectCount="5" />
        <Objective QuestName="Securing the Lines" QuestId="835" Type="KillMob" MobId="41007" KillCount="12" />
        <TurnIn QuestName="Winds in the Desert" QuestId="834" TurnInName="Rezlak" TurnInId="3293" />
        <TurnIn QuestName="Securing the Lines" QuestId="835" TurnInName="Rezlak" TurnInId="3293" />
        <TurnIn QuestName="The Dranosh'ar Blockade" QuestId="25196" TurnInName="Gor the Enforcer" TurnInId="39379" />
        <PickUp QuestName="Fizzled" QuestId="25260" GiverName="Gor the Enforcer" GiverId="39379" />
        <PickUp QuestName="Thunder Down Under" QuestId="25236" GiverName="Gor the Enforcer" GiverId="39379" />
        <PickUp QuestName="The Wolf and The Kodo" QuestId="25205" GiverName="Shin Stonepillar" GiverId="39380" />
        <If Condition="( HasQuest(25205) &amp;&amp; !IsQuestCompleted(25205) )" >
            <CustomBehavior File="InteractWith" QuestId="25205" MobId="39380" InteractByGossipOptions="1"
                            WaitTime="5000" X="1287.98" Y="-4336.36" Z="34.0345" />
            <CustomBehavior File="InteractWith" QuestId="25205" MobId="39365"
                            X="1325.642" Y="-4771.548" Z="24.52986" />
            <!-- We're in a 'vehicle' -->
            <CustomBehavior File="WaitTimer" QuestId="25205" WaitTime="30000" />
        </If>
        <TurnIn QuestName="The Wolf and The Kodo" QuestId="25205" TurnInName="Shin Stonepillar" TurnInId="39380" />      
        <If Condition="HasQuest(25236) &amp;&amp; !IsQuestCompleted(25236)" >
            <MoveTo X="707.2346" Y="-4035.578" Z="16.29455" />

            <CustomBehavior File="CollectThings" CollectUntil="QuestComplete" QuestId="25236" MobId="39464"
                            HuntingGroundRadius="40" NonCompeteDistance="20" >
                <Hotspot X="718.8096" Y="-4034.078" Z="16.33005" />
                <Hotspot X="802.9723" Y="-4037.016" Z="16.335" />
                <Hotspot X="924.2823" Y="-4032.749" Z="16.12947" />
                <Hotspot X="876.3936" Y="-4184.36" Z="16.35654" />
                <Hotspot X="952.9494" Y="-4249.24" Z="16.35654" />
            </CustomBehavior>
            <CustomBehavior File="AscendInWater" />

            <!-- May need to add a few conditions for where my x / y is for
                 the corners of this pool area is - if people bug report it
            -->
            <CustomBehavior File="MyCTM" X="956.3652" Y="-4077.486" Z="15.67288" />
        </If>
        <While Condition="( HasQuest(25260) &amp;&amp; !IsQuestCompleted(25260) )" >
            <MoveTo X="886.1001" Y="-4181.209" Z="16.2387" />
            <CustomBehavior File="InteractWith" MobId="3203" MovementBy="ClickToMoveOnly"
                            InteractByGossipOptions="1,1" WaitTime="4000"
                            X="868.7257" Y="-4189.314" Z="-9.325073" />
            <CustomBehavior File="MyCTM" X="886.1001" Y="-4181.209" Z="16.2387" />
        </While>
        <TurnIn QuestName="Fizzled" QuestId="25260" TurnInName="Gor the Enforcer" TurnInId="39379" />
        <TurnIn QuestName="Thunder Down Under" QuestId="25236" TurnInName="Gor the Enforcer" TurnInId="39379" />
        <PickUp QuestName="Margoz" QuestId="25261" GiverName="Gor the Enforcer" GiverId="39379" />
		<PickUp QuestName="Ignoring the Warnings" QuestId="25206" GiverName="Gor the Enforcer" GiverId="39379" />
		<CustomBehavior File="KillUntilComplete" QuestId="25206" MobId="39595" MobId2="39596"
                        X="1214.193" Y="-4062.862" Z="21.65043" />
		<TurnIn QuestName="Ignoring the Warnings" QuestId="25206" TurnInName="Gor the Enforcer" TurnInId="39379" />
        <PickUp QuestName="Margoz" QuestId="25261" GiverName="Gor the Enforcer" GiverId="39379" />
        <!-- Ignoring 'Beyond Durotor' 25648 -->
        <TurnIn QuestName="Margoz" QuestId="25261" TurnInName="Margoz" TurnInId="3208" />
        <PickUp QuestName="Skull Rock" QuestId="25262" GiverName="Margoz" GiverId="3208" />
        <PickUp QuestName="Sent for Help" QuestId="25256" GiverName="Vek'nag" GiverId="39604" />
        <TurnIn QuestName="Sent for Help" QuestId="25256" TurnInName="Spiketooth" TurnInId="39590" />
        <PickUp QuestName="Ghislania" QuestId="25257" GiverName="Spiketooth" GiverId="39590" />
        <PickUp QuestName="Griswold Hanniston" QuestId="25258" GiverName="Spiketooth" GiverId="39590" />
        <PickUp QuestName="Gaur Icehorn" QuestId="25259" GiverName="Spiketooth" GiverId="39590" />
        <CustomBehavior File="KillUntilComplete" QuestId="25258" MobId="39353"
                        X="1021.506" Y="-5084.249" Z="2.359997" />
        <CustomBehavior File="KillUntilComplete" QuestId="25257" MobId="39351"
                        X="1009.731" Y="-5115.81" Z="-0.03965031" />
        <CustomBehavior File="KillUntilComplete" QuestId="25259" MobId="39352"
                        X="983.4586" Y="-5103.006" Z="3.746449" />
        <TurnIn QuestName="Ghislania" QuestId="25257" TurnInName="Spiketooth" TurnInId="39590" />
        <TurnIn QuestName="Griswold Hanniston" QuestId="25258" TurnInName="Spiketooth" TurnInId="39590" />
        <TurnIn QuestName="Gaur Icehorn" QuestId="25259" TurnInName="Spiketooth" TurnInId="39590" />
        <Objective QuestName="Skull Rock" QuestId="25262" Type="CollectItem" ItemId="4871" CollectCount="6" />
        <TurnIn QuestName="Skull Rock" QuestId="25262" TurnInName="Margoz" TurnInId="3208" />
        <PickUp QuestName="Neeru Fireblade" QuestId="25263" GiverName="Margoz" GiverId="3208" />
        <TurnIn QuestName="Neeru Fireblade" QuestId="25263" TurnInName="Neeru Fireblade" TurnInId="3216" />
        <PickUp QuestName="Ak'Zeloth" QuestId="25264" GiverName="Neeru Fireblade" GiverId="3216" />
        <!-- obselete quest, blizz deleted it -->
        <!-- <PickUp QuestName="Conscript of the Horde" QuestId="840" GiverName="Takrin Pathseeker" GiverId="3336" /> -->
        <!-- <TurnIn QuestName="Conscript of the Horde" QuestId="840" TurnInName="Kargal Battlescar" TurnInId="3337" /> -->
        <PickUp QuestName="In Defense of Far Watch" QuestId="871" GiverName="Kargal Battlescar" GiverId="3337" />
        <TurnIn QuestName="Ak'Zeloth" QuestId="25264" TurnInName="Ak'Zeloth" TurnInId="3521" />

        <If Condition="Me.Race == WoWRace.Tauren &amp;&amp; Me.Level &lt;= 15">
            <CustomBehavior File="DeleteItems" Ids="57199,57198,57220" />
            <!-- Crap that I can't delete from Tauren Starter -->
        </If>

        <CustomBehavior File="LoadProfile" ProfileName="..\[H - Quest] 12-58 K-EK [Kick]" RememberProfile="true" />
    </QuestOrder>

</HBProfile>
